,V1,V2,V3,Topic,Docs,Stem_doc
1,0.308641975,0.382716049,0.308641975,2," Um, i wanted to actually discuss something with you.",um want actual discuss someth
2,0.297619048,0.386904762,0.31547619,2, I was hoping to have an open conversation about potentially increasing my salery.,hope open convers potenti increas saleri
3,0.283105023,0.242009132,0.474885845,3," So i personally believe that i've done a lot of good things for this company, such as leading many projects, bringing lots of business to the company, and i've taken on a lot of extra work that wasn't necessarily assigned to.",person believ ive done lot good thing compani lead mani project bring lot busi compani ive taken lot extra work wasnt necessarili assign
4,0.33974359,0.320512821,0.33974359,1," Yes, indeed, i do.",yes inde
5,0.371584699,0.289617486,0.338797814,1," Um, in fact, i feel like you could ask anyone in the office, including upper management, about my work ethic.",um fact feel like ask anyon offic includ upper manag work ethic
6,0.321212121,0.339393939,0.339393939,2, And i believe that i worked harder than almost anyone.,believ work harder almost anyon
7,0.327160494,0.345679012,0.327160494,2, what aren't you the one who has the final say?,arent one final say
8,0.362573099,0.34502924,0.292397661,1, i don't understand why we would why you would need thio discuss this with upper management.,dont understand need thio discuss upper manag
9,0.369791667,0.338541667,0.291666667,1," like i said earlier, you could ask anyone in the office including upper management about my work ethic and i think they definitely back .",like said earlier ask anyon offic includ upper manag work ethic think definit back
10,0.465277778,0.340277778,0.194444444,1," i understand i understand and i definitely i respect that, but i just think that i'm asking to just think about raising the salary considering that i've been working here for three years, i've never had any problems i've won numerous employee of the month awards as well as earning the highest productivity rate in the office last year and considering that i have filled in for higher management numerous times, i believe that the current salary i have doesn't reflect accurately what i'm capable of doing, .",understand understand definit respect just think im ask just think rais salari consid ive work three year ive never problem ive won numer employe month award well earn highest product rate offic last year consid fill higher manag numer time believ current salari doesnt reflect accur im capabl
11,0.375757576,0.321212121,0.303030303,1, Can you can you explain a little bit more?,can can explain littl bit
12,0.329218107,0.41563786,0.255144033,2," I would definitely wouldn't say it's very urgent, but i would i would appreciate if we could just get get it into the talks and just thinking about, like, raising my salary, considering i've been working for the past three years, maybe, like, on my fourth year of working, i would expect, not expect, but i would appreciate ah, higher raise a raise.",definit wouldnt say urgent appreci just get get talk just think like rais salari consid ive work past three year mayb like fourth year work expect expect appreci ah higher rais rais
13,0.333333333,0.333333333,0.333333333,1," Um, but i do understand that is a long process.",um understand long process
14,0.312169312,0.423280423,0.264550265,2," No, because i definitely think, considering the way how open you are, of discussing the possibility of a raise that i could come back next year or the year after that.",definit think consid way open discuss possibl rais come back next year year
15,0.282485876,0.367231638,0.350282486,2," And try to, you know, discuss the higher salary when the future, when the company is going to be doing much better.",tri know discuss higher salari futur compani go much better
16,0.314465409,0.352201258,0.333333333,2, And when i will be more much more experienced than too .,will much experienc
17,0.326797386,0.326797386,0.346405229,3, Cool.,cool
18,0.346405229,0.326797386,0.326797386,1, Thanks.,thank
19,0.314465409,0.371069182,0.314465409,2, I was hoping to talk to you about something.,hope talk someth
20,0.292397661,0.415204678,0.292397661,2, I just wanted to have an open conversation with you about potentially increasing in my salary.,just want open convers potenti increas salari
21,0.407407407,0.296296296,0.296296296,1," Um, well, i've been at this company for a long time for three years, and i haven't received a pay raise and all three of these years.",um well ive compani long time three year havent receiv pay rais three year
22,0.333333333,0.297619048,0.369047619,3," Um, i believe that i have done really good work in this company.",um believ done realli good work compani
23,0.31547619,0.333333333,0.351190476,3," I put in a lot of effort on, and i think that results speak for themselves.",put lot effort think result speak
24,0.415204678,0.292397661,0.292397661,1, I've won employee of the month awards numerous times.,ive won employe month award numer time
25,0.43715847,0.273224044,0.289617486,1," I have the highest productivity rate for the office in the last year, and i filled in for upper management several times.",highest product rate offic last year fill upper manag sever time
26,0.31547619,0.31547619,0.369047619,3, So i do believe that i am doing a lot of good work here and that i'm deserving of a raise.,believ lot good work im deserv rais
27,0.314465409,0.333333333,0.352201258,3, i think that i do more than my colleagues who are in the same position.,think colleagu posit
28,0.345679012,0.308641975,0.345679012,1, I've also been here for a longer time.,ive also longer time
29,0.326797386,0.326797386,0.346405229,3, So i have more experience.,experi
30,0.343434343,0.358585859,0.297979798,2," Um, and i think that if you just look at, you know, my employment records, or if you look at your feedback from my managers, that you'll see that i've done above and beyond what a regular worker does here.",um think just look know employ record look feedback manag youll see ive done beyond regular worker
31,0.303030303,0.357575758,0.339393939,2," Oh, um, i guess i just wanted to give you a heads up.",oh um guess just want give head
32,0.333333333,0.314465409,0.352201258,3, And i knew that you would have a lot of influence on that.,knew lot influenc
33,0.308641975,0.345679012,0.345679012,2, I guess I will just apply for that.,guess will just appli
34,0.308641975,0.364197531,0.327160494,2," Um, i think that i will definitely continue.",um think will definit continu
35,0.314465409,0.352201258,0.333333333,2," To, keep up the word work.",keep word work
36,0.345679012,0.345679012,0.308641975,1, I think that i've been keeping now.,think ive keep now
37,0.308641975,0.345679012,0.345679012,2, I definitely think i could bring more customers.,definit think bring custom
38,0.333333333,0.350282486,0.316384181,2," And i think that in the future, i have the ability to do really well, in a higher management position get.",think futur abil realli well higher manag posit get
39,0.311111111,0.294444444,0.394444444,3," I understand the vision of the company well, and we'll be able to lead it and do better things for the future.",understand vision compani well well abl lead better thing futur
40,0.320512821,0.358974359,0.320512821,2," Yeah, absolutely.",yeah absolut
41,0.326797386,0.346405229,0.326797386,2, Yeah.,yeah
42,0.304597701,0.33908046,0.356321839,3," I think that that's, always something that I’m looking for, more opportunities to prove myself.",think that alway someth ’m look opportun prove
43,0.320512821,0.358974359,0.320512821,2," Yeah, absolutely.",yeah absolut
44,0.303030303,0.321212121,0.375757576,3," Um, and i just tell them everything that I’ve told you.",um just tell everyth ’ve told
45,0.31547619,0.333333333,0.351190476,3, I think bring in my work records and they will speak for themselves.,think bring work record will speak
46,0.308641975,0.382716049,0.308641975,2, i actually wanted to discuss something with you.,actual want discuss someth
47,0.297619048,0.404761905,0.297619048,2, I was hoping to open a conversation with you about potentially increasing my salary.,hope open convers potenti increas salari
48,0.270531401,0.241545894,0.487922705,3," I have done a lot of good things for the company, I’ve led many projects running a lot of business for the company, and i've taken a lot of extra work that was not assigned to me.",done lot good thing compani ’ve led mani project run lot busi compani ive taken lot extra work assign
49,0.352201258,0.314465409,0.333333333,1," Oh, i can show them all the work.",oh can show work
50,0.326797386,0.346405229,0.326797386,2, I think.,think
51,0.364197531,0.327160494,0.308641975,1," You know, for the past couple of months.",know past coupl month
52,0.320512821,0.33974359,0.33974359,2,  I think they would Be very impressed.,think impress
53,0.33974359,0.33974359,0.320512821,1," Okay, thank you.",okay thank
54,0.358974359,0.320512821,0.320512821,1, I really appreciate that.,realli appreci
55,0.326797386,0.346405229,0.326797386,2, When do you think you could do that?,think
56,0.314465409,0.314465409,0.371069182,3," I’m sorry, excuse me?",’m sorri excus
57,0.314465409,0.333333333,0.352201258,3," I see for searching for jobs, or.",see search job
58,0.348717949,0.317948718,0.333333333,1," Yeah, i guess the thing is that i really i want to stay here working for the company, because i put a lot of dedication and time into this community, because it's something i'm passionate about.",yeah guess thing realli want stay work compani put lot dedic time communiti someth im passion
59,0.427860697,0.278606965,0.293532338,1," I’m really passionate about my work, and that’s been shown through the numerous employee of  the month of awards i received, um, you know, i earned the highest productivity rate in the office.",’m realli passion work ’s shown numer employe month award receiv um know earn highest product rate offic
60,0.345679012,0.345679012,0.308641975,1, Not so much a problem with me being unhappy with job.,much problem unhappi job
61,0.33974359,0.33974359,0.320512821,1, It's the fact that i have been so much into it.,fact much
62,0.32183908,0.33908046,0.33908046,2, But i don't feel that that's reflective with the work that i'm putting in salary receipt.,dont feel that reflect work im put salari receipt
63,0.369047619,0.297619048,0.333333333,1," Yes, because i've been working for the past three years.",yes ive work past three year
64,0.333333333,0.351190476,0.31547619,2," You know, i would say that we could compromise with about fifteen percent raise.",know say compromis fifteen percent rais
65,0.358974359,0.320512821,0.320512821,1, What would that be in addition to what i'm currently doing.,addit im current
66,0.346405229,0.326797386,0.326797386,1, I see.,see
67,0.292397661,0.397660819,0.30994152,2," So maybe, if we get the salary taking care of, and then see where that goes.",mayb get salari take care see goe
68,0.320512821,0.358974359,0.320512821,2, And then if that gets approved then.,get approv
69,0.303030303,0.339393939,0.357575758,3, Maybe i could take that on for either increase salary.,mayb take either increas salari
70,0.333333333,0.352201258,0.314465409,2, Or possibly a bonus or something .,possibl bonus someth
71,0.314465409,0.352201258,0.333333333,2," Okay, sounds great.",okay sound great
72,0.321212121,0.357575758,0.321212121,2, So i'll fill out the application for the salary increases.,ill fill applic salari increas
73,0.320512821,0.358974359,0.320512821,2, Then we'll get that on.,well get
74,0.303030303,0.339393939,0.357575758,3, Then talk about the advertising project you talked about that's.,talk advertis project talk that
75,0.33974359,0.33974359,0.320512821,1," sounds Interesting, .",sound interest
76,0.267676768,0.434343434,0.297979798,2, Uh yes i actually wanted to discuss something important with you regarding my future and present in the company and i was hoping to have an open conversation with you about potentially increasing my salary.,uh yes actual want discuss someth import regard futur present compani hope open convers potenti increas salari
77,0.307407407,0.251851852,0.440740741,3, Um well because i believe that i have done a lot of helpful things for the company and for my team i have led many projects brought in a lot of business for the company and have taken a lot of extra work that wasn't necessarily a part of my role but i took the initiative to go above and beyond and i've even filled in for higher management numerous times which has given me a lot of exposure and something that's higher than my job .,um well believ done lot help thing compani team led mani project brought lot busi compani taken lot extra work wasnt necessarili part role took initi go beyond ive even fill higher manag numer time given lot exposur someth that higher job
78,0.333333333,0.320833333,0.345833333,3," I think that my past record speaks for the future as well i'm a hard worker i'm driven and my passion for my my passion for my career also has to do with the company if the company does better i know that i will benefit from it as well so i always strive to do things that will help better my team, my company and my career as a whole .",think past record speak futur well im hard worker im driven passion passion career also compani compani better know will benefit well alway strive thing will help better team compani career whole
79,0.530864198,0.190123457,0.279012346,1, well i'm not sure what the other employees have done and i can't speak on their behalf i can show you that what i've been working on and that's a two fold answer one is in the numbers and you can see that i've won numerous employee of the month awards i've earned the highest productivity rate in the office for last year and like i said earlier have i filled in for higher management numerous times whatever it's needed and that's more of the numbers part of it and stuff that you can see right away the more qualitative to part of that is that i believe that the people i work with whether it be my direct managers whether it be people below me or whether it be my co workers can really see the passion in time and effort i've put into this company and to really have a raise would incentivize me to do even better and to grow even more and be more successful along what making the company more successful aswell.,well im sure employe done cant speak behalf can show ive work that two fold answer one number can see ive won numer employe month award ive earn highest product rate offic last year like said earlier fill higher manag numer time whatev need that number part stuff can see right away qualit part believ peopl work whether direct manag whether peopl whether co worker can realli see passion time effort ive put compani realli rais incentiv even better grow even success along make compani success aswel
80,0.343915344,0.296296296,0.35978836,3," Um, of course, anything would be appreciated since, like i said, i would love to have a little bit of, uh, incentive for all the work that i do put it to this company.",um cours anyth appreci sinc like said love littl bit uh incent work put compani
81,0.361111111,0.294444444,0.344444444,1," And if you do happen to have some leeway a little bit of leeway with the budget, i promise you that what you i will be an investment to the company.",happen leeway littl bit leeway budget promis will invest compani
82,0.320512821,0.320512821,0.358974359,3, What you end up spending on me ?,end spend
83,0.345679012,0.308641975,0.345679012,1, I will work as hard as I can.,will work hard can
84,0.394871795,0.317948718,0.287179487,1," Like i said, earlier numbers and inequality to earn back twice, three times four times as much for the company itself through my contracts.",like said earlier number inequ earn back twice three time four time much compani contract
85,0.333333333,0.352201258,0.314465409,2," Yeah, i would love to talk to that.",yeah love talk
86,0.397660819,0.292397661,0.30994152,1, I can show them all the work that i've been doing these past couple of months.,can show work ive past coupl month
87,0.333333333,0.333333333,0.333333333,1, And hopefully i believe they would be very impressed.,hope believ impress
88,0.352201258,0.333333333,0.314465409,1," Thank you so much, thanks.",thank much thank
89,0.327160494,0.345679012,0.327160494,2," Hello, was wondering if you had a moment to talk.",hello wonder moment talk
90,0.322404372,0.371584699,0.306010929,2,"  Well, i was wondering if we could discuss my current status in the company i was, hoping to potentially discuss on increased my salary.",well wonder discuss current status compani hope potenti discuss increas salari
91,0.320512821,0.358974359,0.320512821,2," Well, i had been thinking about it.",well think
92,0.302564103,0.317948718,0.379487179,3," I was thinking about my role and position and involvement in the company, uh, was thinking about the work and the business that have provided in the past when the work that i continue to do today, um, i think that these things no.",think role posit involv compani uh think work busi provid past work continu today um think thing
93,0.308641975,0.364197531,0.327160494,2," In my mind, are deserving of an increase in salary.",mind deserv increas salari
94,0.33974359,0.320512821,0.33974359,1,  Of course i understand.,cours understand
95,0.32748538,0.30994152,0.362573099,3," Well, i think that the multiple projects that i've been involved with, uh, all of which have been successful.",well think multipl project ive involv uh success
96,0.364197531,0.308641975,0.327160494,1, I've been working here for three years.,ive work three year
97,0.317948718,0.317948718,0.364102564,3," I think that that shows the level of dedication that i'm willing to give to this position and how much i care about this, uh, this company on my job, on the success that we've created together.",think show level dedic im will give posit much care uh compani job success weve creat togeth
98,0.345679012,0.327160494,0.327160494,1, And i personally would like to have a greater part in that.,person like greater part
99,0.32748538,0.34502924,0.32748538,2," And i think that as i increase my involvement and as i, i dedicate myself more that  calls for an increase to salary.",think increas involv dedic call increas salari
100,0.320512821,0.358974359,0.320512821,2," Yeah, right.",yeah right
101,0.301075269,0.365591398,0.333333333,2," Well, i like to think that that my passport, a good indicator for how i worked today and how i will choose to work tomorrow.",well like think passport good indic work today will choos work tomorrow
102,0.302564103,0.394871795,0.302564103,2," And i think that if my level of commitment was at a certain level, as i increase that level of commitment, i think i would like to see compensation without moving forward.",think level commit certain level increas level commit think like see compens without move forward
103,0.30994152,0.292397661,0.397660819,3," And i also recognize that's Not the only reason that i do this job, and i'm committed to of the position.",also recogn that reason job im commit posit
104,0.33974359,0.33974359,0.320512821,1," Regardless, my pay.",regardless pay
105,0.322404372,0.338797814,0.338797814,2," But, um, i think as a as I look to move forward in the company and further my professional goals, i think that this is a step i need to take.",um think look move forward compani profession goal think step need take
106,0.293532338,0.323383085,0.383084577,3," Uh, you know well, i think, um, i would be willing to take on additional work loads, of course, to prove my my dedication and commitment, i i'd certainly be willing to showcase my work ethic.",uh know well think um will take addit work load cours prove dedic commit id certain will showcas work ethic
107,0.349462366,0.365591398,0.284946237,2,"And you know, to not just, uh, ask for a raise blindly, but to truly show that, yeah, you, too, to show it to indicate that that this is, that i'm a worthwhile investment.",know just uh ask rais blind truli show yeah show indic im worthwhil invest
108,0.357575758,0.339393939,0.303030303,1,"  Yeah, well, like i completely understand.",yeah well like complet understand
109,0.339393939,0.339393939,0.321212121,1," Also, thank you for taking the time to talk to me about this.",also thank take time talk
110,0.345679012,0.345679012,0.308641975,1," Hello sir, Uh, no, There's, no problem.",hello sir uh there problem
111,0.314465409,0.371069182,0.314465409,2, I wanted to discuss something with you.,want discuss someth
112,0.31547619,0.386904762,0.297619048,2, I wasn't going to have an open conversation about potentially increasing my salary.,wasnt go open convers potenti increas salari
113,0.321212121,0.303030303,0.375757576,3, I've done a lot of things for the company.,ive done lot thing compani
114,0.264550265,0.264550265,0.470899471,3," I’ve lead many projects brought in a lot of business for the company, have taken a lot of extra work that was not assigned to me.",’ve lead mani project brought lot busi compani taken lot extra work assign
115,0.397660819,0.292397661,0.30994152,1, i can show them all the work that i've been doing with past couple of months.,can show work ive past coupl month
116,0.33974359,0.320512821,0.33974359,1," I believe they would be impressed,.",believ impress
117,0.333333333,0.369047619,0.297619048,2," I appreciate the, uh, support and, um, thank you for the consideration, and i wouldn't go above your head.",appreci uh support um thank consider wouldnt go head
118,0.308641975,0.345679012,0.345679012,2,"  Um, that happened, um then i think you just does what i could do in the future.",um happen um think just futur
119,0.314465409,0.371069182,0.314465409,2, So that way I could be considered for a raise.,way consid rais
120,0.326797386,0.326797386,0.346405229,3,  In other companies?,compani
121,0.33974359,0.33974359,0.320512821,1, i haven't considered that.,havent consid
122,0.304597701,0.33908046,0.356321839,3," But if you feel that that's, the only way for me to excel my career, then i might have to consider that in the future.",feel that way excel career might consid futur
123,0.333333333,0.350282486,0.316384181,2," Yeah, no, i definitely understand, um, and i hope that we can work together to come to a conclusion.",yeah definit understand um hope can work togeth come conclus
124,0.346405229,0.326797386,0.326797386,1, Thank you.,thank
125,0.357575758,0.321212121,0.321212121,1," Appreciate it, I’ll keep working hard.",appreci ’ll keep work hard
126,0.346405229,0.326797386,0.326797386,1," No, thank you.",thank
127,0.320512821,0.33974359,0.33974359,2," Hey, how’s it going?",hey ’s go
128,0.31547619,0.386904762,0.297619048,2," I was hoping to have an open conversation about, potentially having an increase in my salary.",hope open convers potenti increas salari
129,0.320512821,0.33974359,0.33974359,2, I have not done that yet.,done yet
130,0.289617486,0.355191257,0.355191257,2," I was hoping to approach you directly, to potentially expedite the  process or increase my chances of getting the pay raise.",hope approach direct potenti expedit process increas chanc get pay rais
131,0.388888889,0.267676768,0.343434343,1," so i've won several employees of the month awards I moved out to china, of my own accord, to try to, increase my position in this company and to show how dedicated I am to the company.",ive won sever employe month award move china accord tri increas posit compani show dedic compani
132,0.43715847,0.289617486,0.273224044,1," I have earned the highest productivity rate in this past year, and i have filled in for higher management numerous times.",earn highest product rate past year fill higher manag numer time
133,0.333333333,0.333333333,0.333333333,1, Based on my current salary and my current job requirements.,base current salari current job requir
134,0.351190476,0.31547619,0.333333333,1," I believe i've exceeded them, therefore should compensated more for my work.",believ ive exceed therefor compens work
135,0.321212121,0.375757576,0.303030303,2," Ideally, i would have fifteen percent, pay increase.",ideal fifteen percent pay increas
136,0.326797386,0.346405229,0.326797386,2, That is what I am looking for.,look
137,0.314465409,0.352201258,0.333333333,2," Um, at the moment, i have not been I have not been looking for other offers.",um moment look offer
138,0.345679012,0.308641975,0.345679012,1, As i would still like to work for this company .,still like work compani
139,0.327160494,0.364197531,0.308641975,2," Um, okay, i could go fill out the application in the system.",um okay go fill applic system
140,0.377777778,0.277777778,0.344444444,1, I understand your position only being one step about mine i do appreciate you recognizing the value i put into this company?,understand posit one step mine appreci recogn valu put compani
141,0.362573099,0.30994152,0.32748538,1," If if you can, if you have the time and are willing, if you could refer me to your supervisors, i would really appreciate that.",can time will refer supervisor realli appreci
142,0.314465409,0.333333333,0.352201258,3," I would be willing, to, help out in that in that exercise.",will help exercis
143,0.352201258,0.314465409,0.333333333,1, I understand I am not provided compensation.,understand provid compens
144,0.345679012,0.327160494,0.327160494,1," However, i am still dedicated this company.",howev still dedic compani
145,0.30994152,0.362573099,0.32748538,2, I want to see the company succeed i would like to succeed in the company.,want see compani succeed like succeed compani
146,0.321212121,0.321212121,0.357575758,3, i want to do whatever i can to help this company.,want whatev can help compani
147,0.317204301,0.317204301,0.365591398,3," at this moment, no, however, I do understand my own value, and if the company does not recognize that in the near future, then i might potentially move but at the moment, i'm not.",moment howev understand valu compani recogn near futur might potenti move moment im
148,0.352201258,0.314465409,0.333333333,1, I would like to stay at the company .,like stay compani
149,0.314465409,0.333333333,0.352201258,3," okay, that will work.",okay will work
150,0.273224044,0.453551913,0.273224044,2, no sir actually just wanted to discuss something with you i was hoping to have a conversation with you about potentially increasing my salary.,sir actual just want discuss someth hope convers potenti increas salari
151,0.262910798,0.234741784,0.502347418,3," Right, so I’ve done a lot of good things for the company i've led many projects brought in a lot of business for the company and i've taken a lot of extra work that was not assigned to me.",right ’ve done lot good thing compani ive led mani project brought lot busi compani ive taken lot extra work assign
152,0.373737374,0.297979798,0.328282828,1,  so i thought that you would be the one who was eventually in charge of this but i could definitely go back to the upper management and show them the work i've been doing the past couple of months and i think that they would be impressed .,thought one eventu charg definit go back upper manag show work ive past coupl month think impress
153,0.326797386,0.346405229,0.326797386,2, All right.,right
154,0.320512821,0.33974359,0.33974359,2, I would be definitely willing to do that.,definit will
155,0.333333333,0.369047619,0.297619048,2, I would love to go through the entire process if there's a formal process for doing this.,love go entir process there formal process
156,0.326797386,0.326797386,0.346405229,3, so i guess that is up to them.,guess
157,0.33908046,0.32183908,0.33908046,1," In the end, i would understand that if they go through the process and evaluate me and they do not think that i deserve that that's understandable.",end understand go process evalu think deserv that understand
158,0.338797814,0.355191257,0.306010929,2," Um, i think i would go to them and pitch Why, i think i do deserve this pay raise, and I personally believe that i do, and so i wouldn’t completely understand it.",um think go pitch think deserv pay rais person believ wouldn’t complet understand
159,0.320512821,0.33974359,0.33974359,2," But in the end, it is their decision, .",end decis
160,0.321212121,0.321212121,0.357575758,3," Um, i'm not actively looking for other companies, and i'm very committed to the company.",um im activ look compani im commit compani
161,0.294444444,0.394444444,0.311111111,2, And so i don't think that whether or not i get a pay raise will affect my level of work.,dont think whether get pay rais will affect level work
162,0.333333333,0.314465409,0.352201258,3," Well, i have been very committed to the company.",well commit compani
163,0.364197531,0.308641975,0.327160494,1," Obviously, i've been here for the past few years.",obvious ive past year
164,0.362573099,0.30994152,0.32748538,1," Three years yes, and i would love to be able to stay with company.",three year yes love abl stay compani
165,0.320512821,0.320512821,0.358974359,3, So primarily i would try to do that.,primarili tri
166,0.339393939,0.321212121,0.339393939,1," no, thank you so much for taking the time to listen to me.",thank much take time listen
167,0.30994152,0.362573099,0.32748538,2, And i will make sure to go through the process or the potential pay raise.,will make sure go process potenti pay rais
168,0.33974359,0.33974359,0.320512821,1," No problem, sir.",problem sir
169,0.299435028,0.384180791,0.316384181,2, I just came here to say I wanted to talk to you about potentially getting a pay raise.,just came say want talk potenti get pay rais
170,0.367231638,0.282485876,0.350282486,1, While i'm really grateful for being able to work here for the past three years and an excellent boss.,im realli grate abl work past three year excel boss
171,0.307291667,0.307291667,0.385416667,3," I think that i've displayed a lot of leadership, good work ethic, doing things haven't really been assigned to me, and i think that based on those.",think ive display lot leadership good work ethic thing havent realli assign think base
172,0.345679012,0.345679012,0.308641975,1, I could really use a pay raise.,realli use pay rais
173,0.314465409,0.371069182,0.314465409,2," Well, i just considered.",well just consid
174,0.32183908,0.33908046,0.33908046,2," Since you're the boss, you would know you the authority to give me a pay raise.",sinc your boss know author give pay rais
175,0.321212121,0.357575758,0.321212121,2," Then, in that case, do you think you could speak to him on my approval on my behalf?",case think speak approv behalf
176,0.352201258,0.333333333,0.314465409,1," Okay, who else would i be competing with?",okay els compet
177,0.308641975,0.364197531,0.327160494,2, Do you think i would be competitive for pay raise?,think competit pay rais
178,0.34502924,0.34502924,0.30994152,1," You said yourself that, you know, i worked really hard with your, you know, recommendation.",said know work realli hard know recommend
179,0.339393939,0.339393939,0.321212121,1, I think that would go a long way with upper management.,think go long way upper manag
180,0.326797386,0.346405229,0.326797386,2, Okay.,okay
181,0.333333333,0.417840376,0.248826291,2," No, you think, you know, if it's not approved i would just come back and ask why, but I don't want to infringe on your job, because you know you're more connected, to upper management than i am, but i'd still, like to pursue that as much as possible.",think know approv just come back ask dont want infring job know your connect upper manag id still like pursu much possibl
182,0.339393939,0.339393939,0.321212121,1, Right now or once i get a pay rise.,right now get pay rise
183,0.320512821,0.33974359,0.33974359,2, I don’t see why not.,don’t see
184,0.33974359,0.320512821,0.33974359,1," good morning, .",good morn
185,0.333333333,0.352201258,0.314465409,2," nothing much, sir.",noth much sir
186,0.299435028,0.401129944,0.299435028,2," Um, i just think i want to talk to you about just discuss something really simple.",um just think want talk just discuss someth realli simpl
187,0.31547619,0.386904762,0.297619048,2, I want to have an open conversation with you about potentially increasing my salary.,want open convers potenti increas salari
188,0.320512821,0.320512821,0.358974359,3," Yes, of course.",yes cours
189,0.357487923,0.299516908,0.342995169,1," You know, i've been working closely with you for the past three years since i moved over here and were able to give this amazing opportunity for me to grow and develop my career, which i would like to thank you so much.",know ive work close past three year sinc move abl give amaz opportun grow develop career like thank much
190,0.279279279,0.252252252,0.468468468,3," And not only work but also lead many other projects, i'm bring a lot of business for the company and do really well with it, and I’ve also taken up a lot of extra work that was necessary assigned to me just so that i can do what's best for out company.",work also lead mani project im bring lot busi compani realli well ’ve also taken lot extra work necessari assign just can what best compani
191,0.371584699,0.306010929,0.322404372,1," like you said, you can ask almost anyone in the office, I am always working very hard and for those reasons.",like said can ask almost anyon offic alway work hard reason
192,0.31547619,0.351190476,0.333333333,2, I have applied for the raise but they've never been completely approved.,appli rais theyv never complet approv
193,0.326797386,0.326797386,0.346405229,3, And that's.,that
194,0.333333333,0.317204301,0.349462366,3," Why i want to talk to you specifically, obviously because I’ve worked so closely with you and you have seen me grow over the years, to see what could be the reasons for that.",want talk specif obvious ’ve work close seen grow year see reason
195,0.352201258,0.314465409,0.333333333,1," Oh, i mean, specifically from our company.",oh mean specif compani
196,0.326797386,0.326797386,0.346405229,3, Got in.,got
197,0.33974359,0.320512821,0.33974359,1, I'm employed a month over and over again.,im employ month
198,0.344444444,0.327777778,0.327777778,1, So that kind of awards from us to see that i have been getting good work done and expanding our business to other places.,kind award us see get good work done expand busi place
199,0.322404372,0.322404372,0.355191257,3," For me, when i obviously when I moved to china and coming to work at this office, my goal was getting kind of continue on with our company.",obvious move china come work offic goal get kind continu compani
200,0.356321839,0.32183908,0.32183908,1," I wasn't planning on jumping for one company to another, and i wanted to stick with us.",wasnt plan jump one compani anoth want stick us
201,0.333333333,0.333333333,0.333333333,1," And help grow myself and my career, as well as use that help our company grow to be the best that it could be.",help grow career well use help compani grow best
202,0.328282828,0.358585859,0.313131313,2," I think that i've been working for three, full years now and have gone above and beyond, so i was hoping that i would be able to get a fifteen to twenty percent raise.",think ive work three full year now gone beyond hope abl get fifteen twenti percent rais
203,0.296296296,0.328042328,0.375661376,3," Yeah, of course, i would be ready to kind of do anything that cos obviously, like expertise, people and other things that could help bring more.",yeah cours readi kind anyth cos obvious like expertis peopl thing help bring
204,0.311111111,0.344444444,0.344444444,2," All represented, kind of like being in a panel showing how it's been such a great experience working here how much I have learned from it.",repres kind like panel show great experi work much learn
205,0.311111111,0.327777778,0.361111111,3," But again, i would do pretty much anything that there needs to be done in order to help our company out and let it grow .",pretti much anyth need done order help compani let grow
206,0.314465409,0.371069182,0.314465409,2, Do you want me to pull strings?,want pull string
207,0.320512821,0.358974359,0.320512821,2, Why do you want my help?,want help
208,0.275555556,0.288888889,0.435555556,3," yes, of course, like I tried to go through the normal channels, as well and everything, and i was hoping that even though you're just one level above me, we've seen that you obviously to do so much for the company, you have your own influence and things like that, and since obviously again, it's up to you.",yes cours like tri go normal channel well everyth hope even though your just one level weve seen obvious much compani influenc thing like sinc obvious
209,0.318627451,0.362745098,0.318627451,2," But as you've seen me work kind of with you over the past few years, i just thought that you could also continue to fight expedite the process, because, obviously, like all the rest of the process is important.",youv seen work kind past year just thought also continu fight expedit process obvious like rest process import
210,0.365591398,0.349462366,0.284946237,1," I feel like i've kind of been through that kind of led me astray to nowhere, so that you could kind of just, like, help me out.",feel like ive kind kind led astray nowher kind just like help
211,0.321212121,0.357575758,0.321212121,2," Oh, you know, actually, i'm really happy with my work here.",oh know actual im realli happi work
212,0.380116959,0.292397661,0.32748538,1, I've loved working here like the past ten years.,ive love work like past ten year
213,0.308641975,0.382716049,0.308641975,2," Uh, i was just hoping to talk to you about something.",uh just hope talk someth
214,0.351190476,0.31547619,0.333333333,1," Um, i, you know, i've been working here for the past ten years.",um know ive work past ten year
215,0.371069182,0.314465409,0.314465409,1," Um, have won numerous awards.",um won numer award
216,0.345679012,0.327160494,0.327160494,1," Um, i've increased our companies productivity.",um ive increas compani product
217,0.386904762,0.31547619,0.297619048,1," And actually, i earned the highest productivity in the last year.",actual earn highest product last year
218,0.357575758,0.321212121,0.321212121,1, I think i've been really beneficial to this company.,think ive realli benefici compani
219,0.333333333,0.351190476,0.31547619,2," And i was hoping that after these ten years, it is time for me to get a raise.",hope ten year time get rais
220,0.314465409,0.352201258,0.333333333,2, raise my salary yes .,rais salari yes
221,0.355072464,0.257246377,0.387681159,3, absolutely yeah um so basically i just started a family uh about three years ago and my kids are going into pre-school and uh i've been working really hard for this company and everything that i've ever done has been for the betterment of this company i haven't cut corners i've been true to the company's values i've been working every single day i'm never sick um but i want to send my kids to a really good preschool .,absolut yeah um basic just start famili uh three year ago kid go preschool uh ive work realli hard compani everyth ive ever done better compani havent cut corner ive true compani valu ive work everi singl day im never sick um want send kid realli good preschool
222,0.35978836,0.343915344,0.296296296,1, yeah i understand what you're saying i just what have you seen for me in the past ten years that you would hate to see let's go away?,yeah understand your say just seen past ten year hate see let go away
223,0.286549708,0.426900585,0.286549708,2, i think i would really like to keep working with you but i do need to get a raise and if i don't see potential for getting a raise anytime soon here i might have to leave and go seek employment other places because i'm just worried that i'm not going to be able to send my kids to a good school and for me work has taken a priority in my life but now that i have kids their priority in my life and i understand that you from an economic standpoint can't necessarily divert funds to giving raises to people just because of family reasons but i know that my work has been far superior to that of my peers and that i have a deep love for this company and i know that i would hate to go and i hope that you would hate to see me go but i really need a raise .,think realli like keep work need get rais dont see potenti get rais anytim soon might leav go seek employ place im just worri im go abl send kid good school work taken prioriti life now kid prioriti life understand econom standpoint cant necessarili divert fund give rais peopl just famili reason know work far superior peer deep love compani know hate go hope hate see go realli need rais
224,0.327160494,0.345679012,0.327160494,2," Yeah, that would be i was going to ask you if you'd be willing to do that.",yeah go ask youd will
225,0.364197531,0.308641975,0.327160494,1," And, um, lobby for my case, i would really appreciate that.",um lobbi case realli appreci
226,0.394265233,0.286738351,0.318996416,1, i mean they're just going into preschool so i'd say within the next six months would be a reasonable time frame in order to get a raise because i understand that you will have to make adjustments within the company i understand that you can't just pull money out of nowhere and uh in order to get a raise you'll have to give me more money would just taking money from somewhere else so of course i would be happy to have it happened over a period of time .,mean theyr just go preschool id say within next six month reason time frame order get rais understand will make adjust within compani understand cant just pull money nowher uh order get rais youll give money just take money somewher els cours happi happen period time
227,0.318627451,0.362745098,0.318627451,2, i think that if within the next six months i don't hear from you again about it i'm going to come back in and talk to you about it obviously but i think we should proceed from there and at which point i may be considering other employment options.,think within next six month dont hear im go come back talk obvious think proceed point may consid employ option
228,0.289617486,0.404371585,0.306010929,2," Yeah, well, we i think that it's important that you discuss it with you you need to discuss it with now but you and i can discuss it later.",yeah well think import discuss need discuss now can discuss later
229,0.32748538,0.362573099,0.30994152,2, Once you hear back from the decision the upper management made okay.,hear back decis upper manag made okay
230,0.33974359,0.33974359,0.320512821,1, Thank you so much.,thank much
231,0.358974359,0.320512821,0.320512821,1," No there's, no problem.",there problem
232,0.30994152,0.397660819,0.292397661,2," I just wanted to talk about the idea, potentially me getting a raise.",just want talk idea potenti get rais
233,0.326797386,0.326797386,0.346405229,3, Sure.,sure
234,0.371069182,0.314465409,0.314465409,1," Um, so i've been here for three years.",um ive three year
235,0.367231638,0.282485876,0.350282486,1," I've been doing not only my own work, but i've been do, like more work than has been assigned to me, and i feel that it's all been very, very well done.",ive work ive like work assign feel well done
236,0.345679012,0.308641975,0.345679012,1, You always really appreciated everything.,alway realli appreci everyth
237,0.306010929,0.371584699,0.322404372,2," And so i was just thinking that after a long time and for the value that i bring, i think that a pay raise is appropriate at this time.",just think long time valu bring think pay rais appropri time
238,0.33908046,0.33908046,0.32183908,1," i didn't do it yet, but i can write that letter if that's what's needed .",didnt yet can write letter that what need
239,0.33974359,0.33974359,0.320512821,1," Like, maybe.",like mayb
240,0.352201258,0.333333333,0.314465409,1, Can you write a recommendation ?,can write recommend
241,0.371584699,0.289617486,0.338797814,1," Um, well, after so many years, i feel that i request that this point is usually normal to happen, so it doesn't happen.",um well mani year feel request point usual normal happen doesnt happen
242,0.320512821,0.33974359,0.33974359,2," Then i might want t,.",might want t
243,0.320512821,0.358974359,0.320512821,2, I don't know.,dont know
244,0.343915344,0.328042328,0.328042328,1," I was my direct manager that i was hoping that you'd be able to have a little more influence and maybe trying to accomplish that raise after such a long time of being here, .",direct manag hope youd abl littl influenc mayb tri accomplish rais long time
245,0.321212121,0.375757576,0.303030303,2,"  Um, recently or no, i'm not looking elsewhere right now.",um recent im look elsewher right now
246,0.350282486,0.316384181,0.333333333,1," I would like to stay this company, and, um, i really would like the pay raise in order to be able to do that.",like stay compani um realli like pay rais order abl
247,0.320512821,0.33974359,0.33974359,2, Sounds good.,sound good
248,0.314465409,0.371069182,0.314465409,2,"  No, i actually wanted to discuss.",actual want discuss
249,0.303030303,0.393939394,0.303030303,2, I was hoping to have a conversation with you about potentially increasing my salary.,hope convers potenti increas salari
250,0.308641975,0.308641975,0.382716049,3," Um, i have done a lot of good things.",um done lot good thing
251,0.268817204,0.268817204,0.462365591,3," Led many projects, brought in a lot of business for the company, and have taken on a lot o of extra work that has not been assigned to me.",led mani project brought lot busi compani taken lot o extra work assign
252,0.346405229,0.326797386,0.326797386,1," no it's, fine.",fine
253,0.362573099,0.32748538,0.30994152,1," There, you're going to show from all the work that i've been doing over the past couple months.",your go show work ive past coupl month
254,0.356321839,0.304597701,0.33908046,1," You can ask anyone the office, including upper management about my work.",can ask anyon offic includ upper manag work
255,0.327160494,0.345679012,0.327160494,2, I think that you would find that i work hard.,think find work hard
256,0.308641975,0.308641975,0.382716049,3," Or that I have good, good work ethic.",good good work ethic
257,0.326797386,0.346405229,0.326797386,2, Yeah.,yeah
258,0.308641975,0.327160494,0.364197531,3, So whatever works around your schedule.,whatev work around schedul
259,0.333333333,0.351190476,0.31547619,2, I might have to start looking for another job at that point.,might start look anoth job point
260,0.382716049,0.308641975,0.308641975,1," Thank you for saying that, and thank you for your time.",thank say thank time
261,0.321212121,0.357575758,0.321212121,2," No, um, i just wanted to talk about my current status.",um just want talk current status
262,0.303030303,0.393939394,0.303030303,2," Um, i think the i was hoping to have a conversation about potentially salary.",um think hope convers potenti salari
263,0.34502924,0.292397661,0.362573099,3," i've been doing, a lot of good work for the company over the past years.",ive lot good work compani past year
264,0.317948718,0.317948718,0.364102564,3," I've led a lot of projects subbed in for higher level management when you guys were busy with something else, I brought business for the company.",ive led lot project sub higher level manag guy busi someth els brought busi compani
265,0.303030303,0.321212121,0.375757576,3, And so I think because of all those things I deserve a better thing.,think thing deserv better thing
266,0.352380952,0.338095238,0.30952381,1,"  Uh, yeah, but at the same time, i think that, if you ask anyone in the office based on the fact that I’ve gotten so many employee of the month awards in the past, that I would deserve an increase in my salary and it’s been a few years not.",uh yeah time think ask anyon offic base fact ’ve gotten mani employe month award past deserv increas salari ’s year
267,0.301075269,0.349462366,0.349462366,2," I think that’s fine, as long as you also see where I’m coming from and why I think I deserve a higher salary.",think ’s fine long also see ’m come think deserv higher salari
268,0.338797814,0.273224044,0.387978142,3," Perhaps, I’m pretty dedicated to this company, and I’ve been working hard, but I would like to stay at this company.",perhap ’m pretti dedic compani ’ve work hard like stay compani
269,0.31547619,0.386904762,0.297619048,2, I was just wondering if we could discuss about if I could get a pay raise?,just wonder discuss get pay rais
270,0.349462366,0.284946237,0.365591398,3," I haven't mentioned in a long time, but since being with the company for very long and just rising through the company, I thought it was time.",havent mention long time sinc compani long just rise compani thought time
271,0.355191257,0.322404372,0.322404372,1," With family expenses, rising and me not making as much, I thought this would be the most opportune time to request a pay raise.",famili expens rise make much thought opportun time request pay rais
272,0.445833333,0.258333333,0.295833333,1," According to my awards, as or recently over the past few years i've been employee of the month several times, I’ve had the highest productivity rate in the office last year, and I’ve also been taking on tasks that weren’t necessarily assigned to me, so based on these credentials, I thought I should deserve a pay raise.",accord award recent past year ive employe month sever time ’ve highest product rate offic last year ’ve also take task weren’t necessarili assign base credenti thought deserv pay rais
273,0.345679012,0.327160494,0.327160494,1, But it sounds like you did the same jobs as your colleges.,sound like job colleg
274,0.346405229,0.326797386,0.326797386,1, Basically.,basic
275,0.301075269,0.317204301,0.38172043,3," I came in with the intention of working my way up but recently my position has been very stagnant, there have not been many opportunities to grow within the company.",came intent work way recent posit stagnant mani opportun grow within compani
276,0.311111111,0.361111111,0.327777778,2," I’m not saying I have to rise up on the ladders, or anything like that, but a small pay raise would be great.",’m say rise ladder anyth like small pay rais great
277,0.326797386,0.326797386,0.346405229,3, I would be more than willing to do that.,will
278,0.307291667,0.354166667,0.338541667,2," I don’t mind anything as long as I can like possibly get a pay raise, I would be more than down to help the company out as much as I can.",don’t mind anyth long can like possibl get pay rais help compani much can
279,0.326797386,0.326797386,0.346405229,3, I would be willing.,will
280,0.387978142,0.306010929,0.306010929,1," Maybe to compensate for it, instead of getting a raise, we can have vacation days, compensated vacation days.",mayb compens instead get rais can vacat day compens vacat day
281,0.304597701,0.33908046,0.356321839,3, So it’s not necessarily a raise but it’s like a paid expense trip.,’s necessarili rais ’s like paid expens trip
282,0.311111111,0.377777778,0.311111111,2," I thought you would be the ideal person to talk to about this just because you are my boss, you are in charge of pay roll and everything.",thought ideal person talk just boss charg pay roll everyth
283,0.299435028,0.384180791,0.316384181,2," Yeah of course, I just though I should let you know and see your opinion first.",yeah cours just though let know see opinion first
284,0.303030303,0.393939394,0.303030303,2," No, sir, i actually wanted to discuss something with you.",sir actual want discuss someth
285,0.297619048,0.404761905,0.297619048,2, I was hoping to have an open conversation with you about potentially increasing my salary.,hope open convers potenti increas salari
286,0.297619048,0.297619048,0.404761905,3," Yes, i have done a lot of good things for the company.",yes done lot good thing compani
287,0.268817204,0.268817204,0.462365591,3," I have led many projects, brought in a lot of business for the company and have taken a lot of extra work that was not assigned to me.",led mani project brought lot busi compani taken lot extra work assign
288,0.386904762,0.297619048,0.31547619,1,  i can show them all the work i have been doing over the past couple of months.,can show work past coupl month
289,0.33974359,0.320512821,0.33974359,1, I believe they would be very impressed.,believ impress
290,0.346405229,0.326797386,0.326797386,1, No I haven’t .,haven’t
291,0.333333333,0.352201258,0.314465409,2," Well, thank you for your help.",well thank help
292,0.33974359,0.33974359,0.320512821,1, And i appreciate your support.,appreci support
293,0.311111111,0.361111111,0.327777778,2," And if i do not get approved, are there any other options, that I can reapply or do something else, to Essentially get a raise.",get approv option can reappli someth els essenti get rais
294,0.345679012,0.308641975,0.345679012,1," I’ll try that, that sounds great.",’ll tri sound great
295,0.33974359,0.320512821,0.33974359,1," Ok, that sounds great.",ok sound great
296,0.321212121,0.339393939,0.339393939,2,"  Yes, yeah, and i have received offers from other companies.",yes yeah receiv offer compani
297,0.316384181,0.367231638,0.316384181,2," So i want to, uh, keep the honor of this company and ask for a pay raise before i considered the other option.",want uh keep honor compani ask pay rais consid option
298,0.321212121,0.357575758,0.321212121,2,"  uh, yes, currently they have offered me a higher salary.",uh yes current offer higher salari
299,0.314465409,0.352201258,0.333333333,2, I will talk the other offer.,will talk offer
300,0.346405229,0.326797386,0.326797386,1, Thank you.,thank
301,0.326797386,0.346405229,0.326797386,2, hi sir.,hi sir
302,0.308641975,0.382716049,0.308641975,2, I actually wanted to discuss something with you.,actual want discuss someth
303,0.297619048,0.404761905,0.297619048,2, I was hoping to have an open conversation with you about potentially increasing my salary.,hope open convers potenti increas salari
304,0.351190476,0.297619048,0.351190476,1, I feel as though i've done a lot for the company.,feel though ive done lot compani
305,0.30994152,0.292397661,0.397660819,3, I've led many projects and brought in a lot of business.,ive led mani project brought lot busi
306,0.314465409,0.314465409,0.371069182,3, Have a lot of work that was not assigned to me .,lot work assign
307,0.344444444,0.327777778,0.327777778,1, I feel as though the amount of work that i've taken on isn't reflective of my current salary.,feel though amount work ive taken isnt reflect current salari
308,0.345679012,0.345679012,0.308641975,1, i believe i should get a fifteen percent.,believ get fifteen percent
309,0.326797386,0.326797386,0.346405229,3, I have not done that.,done
310,0.327160494,0.364197531,0.308641975,2, my apology I was not aware of that there was another way to do this.,apolog awar anoth way
311,0.314465409,0.333333333,0.352201258,3, I would be willing to help out the company.,will help compani
312,0.346405229,0.326797386,0.326797386,1, I understand.,understand
313,0.373563218,0.32183908,0.304597701,1," Thank you, I appreciate the help, Is there anything i can do to improve my case with the supervisor?",thank appreci help anyth can improv case supervisor
314,0.33974359,0.33974359,0.320512821,1, Thank you for the help.,thank help
315,0.333333333,0.333333333,0.333333333,1, I will complete the application.,will complet applic
316,0.32183908,0.390804598,0.287356322,2, no ma'am no problem at all i was just wondering if we could have open conversation about increasing my salary.,maam problem just wonder open convers increas salari
317,0.378995434,0.296803653,0.324200913,1,  i've been here for several years now i have received a lot of employee of the month awards stood in for higher ups quite a few times and i work extremely hard for this company i just feel my salary is not reflective of the good work i have been doing.,ive sever year now receiv lot employe month award stood higher up quit time work extrem hard compani just feel salari reflect good work
318,0.373873874,0.333333333,0.292792793,1, i would very much like a raise there will be nice to actually get some momentum going with my career here in the company i was hoping by coming here i could maybe step it up and no start making more money and i feel i just feel that i've worked very hard to earn that .,much like rais will nice actual get momentum go career compani hope come mayb step start make money feel just feel ive work hard earn
319,0.314465409,0.333333333,0.352201258,3, if there is a higher position i could take.,higher posit take
320,0.346405229,0.326797386,0.326797386,1, That would be amazing.,amaz
321,0.350282486,0.333333333,0.316384181,1, But i would be perfectly content just increasing my current salary with my current position as well.,perfect content just increas current salari current posit well
322,0.306010929,0.355191257,0.338797814,2,"  Well, i mean, i think all of my past work has definitely shown that and you said that based on the results of my work.",well mean think past work definit shown said base result work
323,0.327777778,0.361111111,0.311111111,2," I think if we look back in the books projects i have worked on, i believe they are more than up to par when considering a raise.",think look back book project work believ par consid rais
324,0.371069182,0.314465409,0.314465409,1, So i believe that shows that i earned it.,believ show earn
325,0.424242424,0.260606061,0.315151515,1,"  In terms of money there's never needed in my opinion but i would like to make progress i need to make progress otherwise i don't believe i would be able to stay with this company because we all want to progress in life, we all want to make sure that we're moving forward i think by earning in the past employee of the month awards repeatedly doing the work of many people around me and just overall just working hard every day that i show up i just i believe that the work in the past that i've done will show to the other managers that you have to talk to about it i think it will clearly show i am deserving of it.",term money there never need opinion like make progress need make progress otherwis dont believ abl stay compani want progress life want make sure move forward think earn past employe month award repeat work mani peopl around just overal just work hard everi day show just believ work past ive done will show manag talk think will clear show deserv
326,0.388185654,0.337552743,0.274261603,1," well in that case what i would ask of you is uh like you said, you have to talk to other managers about increasing a salary so all i would ask is maybe if you could present my past work, or just present the fact that i have worked very hard to higher ups and other managers, and maybe they would look at it, and i would have sooner rather than later possibility and increasing my salary.",well case ask uh like said talk manag increas salari ask mayb present past work just present fact work hard higher up manag mayb look sooner rather later possibl increas salari
327,0.326797386,0.346405229,0.326797386,2, All righty.,righti
328,0.390804598,0.304597701,0.304597701,1," Well, thank you very much, that's, really all i can ask you appreciate that.",well thank much that realli can ask appreci
329,0.277777778,0.444444444,0.277777778,2," i actually wanted to talk to you about something i was hoping to open a conversation with you about, potentially, increasing my salary.",actual want talk someth hope open convers potenti increas salari
330,0.316384181,0.299435028,0.384180791,3," well, i've been working here for a while, and i've done a lot of great things for the company.",well ive work ive done lot great thing compani
331,0.313131313,0.267676768,0.419191919,3," I've been in charge of a lot of projects, brought in a lot of business, and i've taken a lot of on a lot of extra work that wasn't necessarily my job.",ive charg lot project brought lot busi ive taken lot lot extra work wasnt necessarili job
332,0.346405229,0.326797386,0.326797386,1, I understand.,understand
333,0.351190476,0.31547619,0.333333333,1," I can show them my work i've been doing, and i think that would be very impressed.",can show work ive think impress
334,0.352201258,0.333333333,0.314465409,1," Okay, that sounds very fair.",okay sound fair
335,0.263681592,0.338308458,0.39800995,3," I just thought it would be important to bring up to you before so you could vouch for me, as you've seen my work done around the office, and maybe that give me potentially more benefit in applying online.",just thought import bring vouch youv seen work done around offic mayb give potenti benefit appli onlin
336,0.317204301,0.301075269,0.38172043,3," Um, i'll continue working hard, and i'll try talking to other leaders around the office that could also vouch for me.",um ill continu work hard ill tri talk leader around offic also vouch
337,0.34502924,0.292397661,0.362573099,3," I could communicate with the hr department, try to show them the work i've done.",communic hr depart tri show work ive done
338,0.31547619,0.333333333,0.351190476,3," okay, it's, part of my job I guess, so I’d be willing to do that.",okay part job guess ’d will
339,0.30994152,0.30994152,0.380116959,3," I have not, because i genuinely enjoyed working here, and i think that i could do some great things for this company.",genuin enjoy work think great thing compani
340,0.345679012,0.345679012,0.308641975,1, Thank you so much for meeting with me today.,thank much meet today
341,0.321212121,0.375757576,0.303030303,2," No, ma’am, i actually wanted to discuss something.",ma’ actual want discuss someth
342,0.297619048,0.404761905,0.297619048,2, I was hoping to have an open conversation with you about potentially raising my salary.,hope open convers potenti rais salari
343,0.31547619,0.297619048,0.386904762,3, I've done a lot of good things for the company.,ive done lot good thing compani
344,0.282485876,0.282485876,0.435028249,3," I have led many extra, many projects, that brought in a lot of business with the company.",led mani extra mani project brought lot busi compani
345,0.31547619,0.297619048,0.386904762,3, And i've taken a lot of extra work that was not assigned to me.,ive taken lot extra work assign
346,0.408045977,0.287356322,0.304597701,1," Well, i can show them all the work i've been doing over the past couple of months.",well can show work ive past coupl month
347,0.364197531,0.308641975,0.327160494,1, I believe they'd be pretty impressed.,believ theyd pretti impress
348,0.346405229,0.326797386,0.326797386,1, I understand that.,understand
349,0.304597701,0.356321839,0.33908046,2, I just wanted to have honest conversation with you about my standing in the company and about how i feel about the work.,just want honest convers stand compani feel work
350,0.345679012,0.327160494,0.327160494,1," I think i would, because of the extent of work i've been doing.",think extent work ive
351,0.356321839,0.304597701,0.33908046,1," But i also understand if, for some extraordinary reason you would not be able to do it, i would understand if it were a real reason for that.",also understand extraordinari reason abl understand real reason
352,0.32183908,0.356321839,0.32183908,2," All right, if you could just keep keep in touch and let me know how all that's going on.",right just keep keep touch let know that go
353,0.308641975,0.382716049,0.308641975,2,  i actually wanted to discuss something with you.,actual want discuss someth
354,0.297619048,0.404761905,0.297619048,2, I was hoping to have an open conversation with you about potentially increasing my salary.,hope open convers potenti increas salari
355,0.321212121,0.303030303,0.375757576,3, done a lot of good things for this company.,done lot good thing compani
356,0.268817204,0.268817204,0.462365591,3," I have led many projects, brought in a lot of business for the company and have taken a lot of extra work that was not assigned to me.",led mani project brought lot busi compani taken lot extra work assign
357,0.397660819,0.292397661,0.30994152,1, I can show them all the work i've been doing over the past couple of months.,can show work ive past coupl month
358,0.33974359,0.320512821,0.33974359,1, I believe that they re very impressed.,believ re impress
359,0.299435028,0.316384181,0.384180791,3, I take i worked the extra hours i have taken on roles that weren't necessarily assigned to me.,take work extra hour taken role werent necessarili assign
360,0.361111111,0.327777778,0.311111111,1, I have tried my gone out of my way to learn the upper management's job and like to see if i can.,tri gone way learn upper manag job like see can
361,0.327160494,0.345679012,0.327160494,2, I guess kind of like emulate.,guess kind like emul
362,0.33908046,0.304597701,0.356321839,3," Um, even if i could, like, learn how to do and they believe that i would be like a great fit for the role.",um even like learn believ like great fit role
363,0.327160494,0.327160494,0.345679012,3, I think i could have gone above and beyond in the past.,think gone beyond past
364,0.343434343,0.328282828,0.328282828,1," Um, and i believe that, like, i would be a strong candidate for an upper level job or even a higher salary because i have shown the work and, like, i had to have the work ethic in the productivity for it.",um believ like strong candid upper level job even higher salari shown work like work ethic product
365,0.299435028,0.384180791,0.316384181,2," I think that any interaction is better face to face and thought that we could talk about, um, if i could get a raise.",think interact better face face thought talk um get rais
366,0.364197531,0.327160494,0.308641975,1," And if not, then like, what i can do to improve in the workplace.",like can improv workplac
367,0.357575758,0.339393939,0.303030303,1," And then, like, i just wanted some, like, um, like.",like just want like um like
368,0.33974359,0.33974359,0.320512821,1, Constructive feedback from you .,construct feedback
369,0.361111111,0.344444444,0.294444444,1, i mean i like know that you’re the person with the final say on if someone gets a raise or not.,mean like know ’re person final say someon get rais
370,0.385281385,0.32034632,0.294372294,1,  so as like a lower level worker here i've seen a lot of resources that have gone to waste on how we can better fix our budget if i work with you closely on how we can fix our budget do you think then you will be able to find space in the budget to increase my salary .,like lower level worker ive seen lot resourc gone wast can better fix budget work close can fix budget think will abl find space budget increas salari
371,0.308333333,0.295833333,0.395833333,3, i would like some upward mobility in this company and as a higher level management worker i think i would be a great leader i have strong speaking skills people always respect me and my work ethic i i always show up i rarely ever take a day off and i will always be there for this company rain or shine.,like upward mobil compani higher level manag worker think great leader strong speak skill peopl alway respect work ethic alway show rare ever take day will alway compani rain shine
372,0.346405229,0.326797386,0.326797386,1, Thank you.,thank
373,0.326797386,0.346405229,0.326797386,2, Doing well.,well
374,0.299435028,0.350282486,0.350282486,2," I’m not doing too well actually, we're behind on our group project and i think you're the cause of it.",’m well actual behind group project think your caus
375,0.346405229,0.326797386,0.326797386,1, i'm fine.,im fine
376,0.308641975,0.345679012,0.345679012,2, I was hoping to talk about our group project with you.,hope talk group project
377,0.339393939,0.357575758,0.303030303,2, There is some problems we need a fix right now.,problem need fix right now
378,0.306010929,0.322404372,0.371584699,3," The group and i feel like we have a lot of work to shoulder, and we're hoping that you'd be able to take on some more work.",group feel like lot work shoulder hope youd abl take work
379,0.323809524,0.338095238,0.338095238,2," i know you're probably really busy preparing for graduation, but it be great if you could accomplish some tasks being a senior, your expertise and, like your knowledge, were go really long way in helping us finish this project.",know your probabl realli busi prepar graduat great accomplish task senior expertis like knowledg go realli long way help us finish project
380,0.346320346,0.294372294,0.359307359,3, But we felt like you haven't put a lot into this project and we will we won't be able to finish his project if you don't get this work done i think we won't be able to graduate if we don't pass this project so i think we need a little more help from your end .,felt like havent put lot project will wont abl finish project dont get work done think wont abl graduat dont pass project think need littl help end
381,0.337719298,0.364035088,0.298245614,2, so maybe just like when we have like some questions and you keep missing some of our group meeting so just trying to attend the group meetings or like responding to some of our messages would really help us see where you're at and what t we can ask you for help and if you could help us back .,mayb just like like question keep miss group meet just tri attend group meet like respond messag realli help us see your t can ask help help us back
382,0.36036036,0.292792793,0.346846847,1, yeah so we notice you're really busy but we want have a chance to be able to work on the project we think you have some like great insight and a lot of stuff on what we're doing so it's been really hard tio keep up with the project because the full team hasn't been here .,yeah notic your realli busi want chanc abl work project think like great insight lot stuff realli hard tio keep project full team hasnt
383,0.36036036,0.346846847,0.292792793,1, i think if we have like four people then like we can have more brains attacking like some problems because being like a sophomore like i don't have much knowledge as you might have to input on the project and show us like the proper direction to go for this project.,think like four peopl like can brain attack like problem like sophomor like dont much knowledg might input project show us like proper direct go project
384,0.349019608,0.349019608,0.301960784,1, yeah i think like calling in or like via skype just your presence being at the meeting i think we really helped us with that if we have any issue that you might be able to help us like fix that you're right you're like nearby and easy to contact so that we can continue working on this project and that you have like a little input throughout the meetings.,yeah think like call like via skype just presenc meet think realli help us issu might abl help us like fix your right your like nearbi easi contact can continu work project like littl input throughout meet
385,0.346846847,0.346846847,0.306306306,1," Yeah so i think that's good, but i think still, i think you need to put in like, a little effort, because this is like a group project so just like putting in a little time, like we all know you're busy.",yeah think that good think still think need put like littl effort like group project just like put littl time like know your busi
386,0.35978836,0.312169312,0.328042328,1, And a lot of us are too just taking a little time out of your day to work on this project would really help us move along in the project.,lot us just take littl time day work project realli help us move along project
387,0.333333333,0.333333333,0.333333333,1,"  Yeah, i think that's a pretty good idea.",yeah think that pretti good idea
388,0.412935323,0.293532338,0.293532338,1," So i can just, like, check in with you to make sure that, like you, like, you're still technically the leader because the professor assigned you to be the leader so like checking up with you.",can just like check make sure like like your still technic leader professor assign leader like check
389,0.308641975,0.364197531,0.327160494,2," That, like, what we're doing, is looking in the right direction and that.",like look right direct
390,0.322404372,0.322404372,0.355191257,3," Like, i'm not taking the group in the wrong direction, making sure that you're also staying involved.",like im take group wrong direct make sure your also stay involv
391,0.321212121,0.339393939,0.339393939,2, So i think assigning me the leader role is okay.,think assign leader role okay
392,0.33974359,0.33974359,0.320512821,1, But i still think you should.,still think
393,0.362573099,0.32748538,0.30994152,1," be making the final decisions, because at the end of the day, you're the leader.",make final decis end day your leader
394,0.327160494,0.327160494,0.345679012,3, I'm just the one that you gave some of the work to.,im just one gave work
395,0.303030303,0.393939394,0.303030303,2," Yeah, i just wanted to see how you were doing, and while  i ran into you.",yeah just want see ran
396,0.303030303,0.357575758,0.339393939,2, I just want to talk about our group project.,just want talk group project
397,0.33974359,0.320512821,0.33974359,1, Have you been giving any thought at all?,give thought
398,0.314465409,0.371069182,0.314465409,2," Yeah, so i think we're doing okay.",yeah think okay
399,0.30994152,0.32748538,0.362573099,3, But a lot of us are taking on a lot more work than we can kind of handle.,lot us take lot work can kind handl
400,0.280952381,0.423809524,0.295238095,2," We know that you're very busy, but we were just maybe, if we could all meet up again and maybe talk about dividing the tasks up just to keep each other accountable, and i don't mind shoulder a little bit of extra work.",know your busi just mayb meet mayb talk divid task just keep account dont mind shoulder littl bit extra work
401,0.312169312,0.35978836,0.328042328,2," But i think because you're able to come to the meetings, maybe at least trying to do some work and kind of stay engaged in the meetings.",think your abl come meet mayb least tri work kind stay engag meet
402,0.326797386,0.326797386,0.346405229,3, that was great.,great
403,0.326797386,0.326797386,0.346405229,3, Great.,great
404,0.32748538,0.34502924,0.32748538,2, You could contribute those notes that there may be a little bit about outside research.,contribut note may littl bit outsid research
405,0.356321839,0.33908046,0.304597701,1," And then i think just your general contributions, like in our meetings, would be really helpful.",think just general contribut like meet realli help
406,0.326797386,0.346405229,0.326797386,2, That would be helpful.,help
407,0.327777778,0.394444444,0.277777778,2," I think just something that kind of balance the workload would be nice, just a little bit more.",think just someth kind balanc workload nice just littl bit
408,0.345679012,0.327160494,0.327160494,1," i mean, since there's four of us.",mean sinc there four us
409,0.373563218,0.32183908,0.304597701,1," I mean, it would Be nice if we could do like a twenty five percent split all the way.",mean nice like twenti five percent split way
410,0.320512821,0.33974359,0.33974359,2," Yeah, that would be great.",yeah great
411,0.317204301,0.333333333,0.349462366,3," Yeah, that's a good connection, that sounds good, so we'll just make sure we have very clear tasks.",yeah that good connect sound good well just make sure clear task
412,0.390804598,0.287356322,0.32183908,1," And then if you can't make a meeting that's fine, but we can move forward from there.",cant make meet that fine can move forward
413,0.273224044,0.43715847,0.289617486,2, no sir actually I wanted to discuss something with you i was hoping to have an open conversation with you about potentially increasing my salary.,sir actual want discuss someth hope open convers potenti increas salari
414,0.519379845,0.240310078,0.240310078,1, over the past three years i felt like i've kind of gotten stock a little bit in the company despite i mean i've won a couple employee of the month awards had the highest productivity rate in the office last year and i filled in for higher management numerous times i really feel like i deserve this raise .,past three year felt like ive kind gotten stock littl bit compani despit mean ive won coupl employe month award highest product rate offic last year fill higher manag numer time realli feel like deserv rais
415,0.33974359,0.33974359,0.320512821,1," I understand that, sir.",understand sir
416,0.311111111,0.361111111,0.327777778,2," In your opinion, is there anything that i could work on to improve my standing any more and potentially help help me get over the hump .",opinion anyth work improv stand potenti help help get hump
417,0.320512821,0.33974359,0.33974359,2, I totally get it.,total get
418,0.345679012,0.308641975,0.345679012,1," I mean, i enjoy working here, so i'm not going to be leaving.",mean enjoy work im go leav
419,0.333333333,0.333333333,0.333333333,1,"  that's a tough question, because it has been three years, and i'm definitely going to keep working my best.",that tough question three year im definit go keep work best
420,0.326797386,0.326797386,0.346405229,3, I always do.,alway
421,0.413978495,0.317204301,0.268817204,1," Um, if i feel like, you know, maybe it's not going to be right away, but in, like, a year or two, in a couple of years, you know how it is.",um feel like know mayb go right away like year two coupl year know
422,0.391534392,0.312169312,0.296296296,1," If i feel like i can earn a little bit of a bump up in pay somewhere else, i might have to take that opportunity.",feel like can earn littl bit bump pay somewher els might take opportun
423,0.364197531,0.308641975,0.327160494,1," I've got a family, you understand how that is?",ive got famili understand
424,0.326797386,0.346405229,0.326797386,2, Absolutely not.,absolut
425,0.352201258,0.314465409,0.333333333,1,  Thank you for listening to appreciate it.,thank listen appreci
426,0.357575758,0.321212121,0.321212121,1," Thank you for meeting me, I know your time is valuable.",thank meet know time valuabl
427,0.308641975,0.382716049,0.308641975,2, i just i think that i know you to be fair.,just think know fair
428,0.333333333,0.333333333,0.333333333,1, And i know you to be somebody who's going to reward hard work.,know somebodi whos go reward hard work
429,0.327160494,0.327160494,0.345679012,3, I think that i'm served this company well.,think im serv compani well
430,0.328042328,0.343915344,0.328042328,2," And i think that at this point, i just i'm really looking for maybe higher wage or something to let it be recognized that I have been working hard.",think point just im realli look mayb higher wage someth let recogn work hard
431,0.385416667,0.354166667,0.260416667,1," I just think that with some of the accolades that I have received in this past year, maybe it's, just time for me, move a little bit higher in the ranks, .",just think accolad receiv past year mayb just time move littl bit higher rank
432,0.352201258,0.333333333,0.314465409,1, I think that I’ll leave that up to you.,think ’ll leav
433,0.327160494,0.327160494,0.345679012,3, I think that you've been a good boss to me.,think youv good boss
434,0.34502924,0.292397661,0.362573099,3, And i have no reason to doubt that you would give me anything less than what you feel is appropriate.,reason doubt give anyth less feel appropri
435,0.375757576,0.303030303,0.321212121,1, i usually like to remain pretty loyal.,usual like remain pretti loyal
436,0.308641975,0.364197531,0.327160494,2," And so i think that before i would go exploring other options, i would come to you.",think go explor option come
437,0.326797386,0.326797386,0.346405229,3, First.,first
438,0.34502924,0.32748538,0.32748538,1," You say that i want to continue working for you, but I need a little change.",say want continu work need littl chang
439,0.320512821,0.320512821,0.358974359,3, That’s where I stand.,’s stand
440,0.289617486,0.387978142,0.322404372,2," i looked into it, but i think that something that i've always been told is you want something, you should go straight to the person and talk to them.",look think someth ive alway told want someth go straight person talk
441,0.312169312,0.375661376,0.312169312,2,"  That makes total sense and that's, definitely something that i'm interested in and having you do it's, just maybe about you coming one level higher.",make total sens that definit someth im interest just mayb come one level higher
442,0.327160494,0.345679012,0.327160494,2, I think that it’s definitely valued.,think ’s definit valu
443,0.31547619,0.351190476,0.333333333,2, And i think that me filling out an official form will not go as far.,think fill offici form will go far
444,0.292397661,0.397660819,0.30994152,2, You actually going one level higher up and just talking for me personally.,actual go one level higher just talk person
445,0.333333333,0.314465409,0.352201258,3, That's a good question.,that good question
446,0.352201258,0.333333333,0.314465409,1," Two days, with no conversation at all.",two day convers
447,0.297619048,0.351190476,0.351190476,2," Yes, i think that if you give me your word that you're going to, try to do all that.",yes think give word your go tri
448,0.339393939,0.339393939,0.321212121,1, I could definitely see myself doing this is taking on a little more responsibility.,definit see take littl respons
449,0.326797386,0.346405229,0.326797386,2," Um, not exactly.",um exact
450,0.303030303,0.357575758,0.339393939,2, I wanted to discuss with you about my salary and position in the job.,want discuss salari posit job
451,0.333333333,0.333333333,0.333333333,1, so recently have been showing a lot of.,recent show lot
452,0.415458937,0.285024155,0.299516908,1, I've been helping out the company a lot uh have won a lot of employee awards I have had the highest productivity rate in the office last year and i thought i deserved maybe an increase in salary .,ive help compani lot uh won lot employe award highest product rate offic last year thought deserv mayb increas salari
453,0.320512821,0.358974359,0.320512821,2, um you would you have to go to your higher ups to discuss about it .,um go higher up discuss
454,0.338541667,0.385416667,0.276041667,2,  is there any way i could contact your higher-ups and discuss all my achievements and accomplishments to show them that i've achieved what i believe is enough to earn a higher salary .,way contact higherup discuss achiev accomplish show ive achiev believ enough earn higher salari
455,0.318627451,0.362745098,0.318627451,2, i personally just believe i deserve it also coming to this job i expected expected to achieve a higher salary within after a couple of years and that hasn’t been shown yet .,person just believ deserv also come job expect expect achiev higher salari within coupl year hasn’t shown yet
456,0.34502924,0.34502924,0.30994152,1, Can you just let me know if there's any progress in that situation?,can just let know there progress situat
457,0.33974359,0.33974359,0.320512821,1," Ok, thank you very much.",ok thank much
458,0.303030303,0.393939394,0.303030303,2, no ma’am i actually wanted to discuss something with you.,ma’ actual want discuss someth
459,0.31547619,0.386904762,0.297619048,2, I was hoping to have an open conversation with you about potential increasing my salary.,hope open convers potenti increas salari
460,0.259259259,0.24537037,0.49537037,3," I have done a lot of good things in this company, i've led many projects brought in a lot of business for the company, taken on higher management roles and have taken a lot of extra work, that was not assigned to me.",done lot good thing compani ive led mani project brought lot busi compani taken higher manag role taken lot extra work assign
461,0.364197531,0.308641975,0.327160494,1, I believe i'm the best worker you have in this company.,believ im best worker compani
462,0.34741784,0.276995305,0.375586854,3," I've been a lot of good things for you, but if you want, you can ask higher management and i can show them all the hard work I’ve done over the past few months, i think there will be really impressed.",ive lot good thing want can ask higher manag can show hard work ’ve done past month think will realli impress
463,0.301075269,0.397849462,0.301075269,2," Yeah, i understand, and i think my previous work and experience can back me up on why i think I should get a higher salary.",yeah understand think previous work experi can back think get higher salari
464,0.367231638,0.333333333,0.299435028,1,"  Well, for the past three years since i've been here, my salary has remained stagnant.",well past three year sinc ive salari remain stagnant
465,0.292397661,0.380116959,0.32748538,2," So i think if i were not to get a salary increase, I may have to consider my options.",think get salari increas may consid option
466,0.371584699,0.322404372,0.306010929,1," Okay, is there any way to reduce that time from a couple of months, to say, perhaps one or two months.",okay way reduc time coupl month say perhap one two month
467,0.317204301,0.397849462,0.284946237,2," Okay, i understand on i just, if possible, could you get back to me when once upper management has made his decision about my salary increase?",okay understand just possibl get back upper manag made decis salari increas
468,0.358974359,0.320512821,0.320512821,1, Thank you for your time.,thank time
469,0.333333333,0.333333333,0.333333333,1," No, i think work is fine, it's.",think work fine
470,0.320512821,0.358974359,0.320512821,2," Kind of, actually.",kind actual
471,0.327160494,0.364197531,0.308641975,2," Well, i wanted to come talk to you.",well want come talk
472,0.303030303,0.393939394,0.303030303,2, I was hoping to have a conversation about potentially increasing salary.,hope convers potenti increas salari
473,0.320512821,0.358974359,0.320512821,2," Yeah, exactly.",yeah exact
474,0.342222222,0.222222222,0.435555556,3," I feel like i've done a lot of good work for the company in the past year, especially, and having been here for three years, i've done a lot of work to lead many projects and brought a lot of good business to the company.",feel like ive done lot good work compani past year especi three year ive done lot work lead mani project brought lot good busi compani
475,0.316384181,0.299435028,0.384180791,3, So i felt like i've taken on a lot of extra work and I deserve the raise.,felt like ive taken lot extra work deserv rais
476,0.344444444,0.294444444,0.361111111,3," Um, well, i felt like i can show them all the work, and i could tell them all the things that i've done.",um well felt like can show work tell thing ive done
477,0.327777778,0.311111111,0.361111111,3," But at the end, like, aren’t you the one who will have the final say, so it's Easier to come directly to you.",end like aren’t one will final say easier come direct
478,0.30994152,0.362573099,0.32748538,2, So the only thing i could do is submit paperwork to hr and hope that they will get back to me?,thing submit paperwork hr hope will get back
479,0.32183908,0.33908046,0.33908046,2, could you also put in like a good word in hr with me for me so that way it's i'm covering all my bases .,also put like good word hr way im cover base
480,0.423220974,0.277153558,0.299625468,1, thank you appreciate it like hopefully like hr will see the amount of like i've done a lot of good work here have won employee of the month more than once like this past year has been like my most successful year so hopefully like with all of that being said and you hopefully putting in a good word for me and talking to the upper management maybe make it work towards a better salary .,thank appreci like hope like hr will see amount like ive done lot good work won employe month like past year like success year hope like said hope put good word talk upper manag mayb make work toward better salari
481,0.350282486,0.333333333,0.316384181,1, there's nothing i can do now like you in the near future i just have to wait?,there noth can now like near futur just wait
482,0.361502347,0.333333333,0.305164319,1," then i'd honestly like to request to talk to your higher up because i feel like i have proven my worth to this company and i think i can not only show that, but i can also talk about that, especially with the higher ups because i feel like i'm deserving of this .",id honest like request talk higher feel like proven worth compani think can show can also talk especi higher up feel like im deserv
483,0.373563218,0.304597701,0.32183908,1, Um i haven't really considered working at any other company i really like the job here.,um havent realli consid work compani realli like job
484,0.333333333,0.349462366,0.317204301,2, So i'm i'm honestly just banking on this salary raise because i really like the work that i do here and hopefully the work i'm doing here has been benefiting the company.,im im honest just bank salari rais realli like work hope work im benefit compani
485,0.320512821,0.33974359,0.33974359,2, Sounds good.,sound good
486,0.346405229,0.326797386,0.326797386,1, Thank you.,thank
487,0.320512821,0.320512821,0.358974359,3, I’m good.,’m good
488,0.308641975,0.345679012,0.345679012,2, I want to talk about how I have been overlooked in this company.,want talk overlook compani
489,0.327160494,0.345679012,0.327160494,2, I believe I have been mistreated and deserve a raise.,believ mistreat deserv rais
490,0.321212121,0.303030303,0.375757576,3, I've done a lot of things for the company.,ive done lot thing compani
491,0.264550265,0.264550265,0.470899471,3," I’ve lead many projects brought in a lot of business for the company, have taken a lot of extra work that was not assigned to me.",’ve lead mani project brought lot busi compani taken lot extra work assign
492,0.397660819,0.292397661,0.30994152,1, I can show them all the work i've been doing over the past couple months.,can show work ive past coupl month
493,0.333333333,0.314465409,0.352201258,3, I believe they will be very impressed.,believ will impress
494,0.333333333,0.289215686,0.37745098,3," I believe I have gone above and beyond in my role as an employee here and a lot of people can attest to that and i think i brought a lot of success to the company, which is why i deserve a raise after three years.",believ gone beyond role employe lot peopl can attest think brought lot success compani deserv rais three year
495,0.267676768,0.328282828,0.404040404,3," in the future, with the higher managerial role, i will be able to further the success by controlling more employees, more divisions of the company, and hopefully bring better outlook for the future.",futur higher manageri role will abl success control employe divis compani hope bring better outlook futur
496,0.356321839,0.33908046,0.304597701,1," When you recreate the budget for next year, I would appreciate if you could keep my thoughts in mind.",recreat budget next year appreci keep thought mind
497,0.30994152,0.292397661,0.397660819,3," I would be willing to do that, but i already go above and beyond my duties and do a lot more work than I am required to do.",will alreadi go beyond duti lot work requir
498,0.33908046,0.32183908,0.33908046,1," Yeah, i could contact them, but i prefer it if you could also put in your word based on my work.",yeah contact prefer also put word base work
499,0.304597701,0.33908046,0.356321839,3," I am not the one who makes the decision, so you probably need to convince them that you are very good at your position.",one make decis probabl need convinc good posit
500,0.303030303,0.393939394,0.303030303,2," No, sir, I just wanted to discuss something with you.",sir just want discuss someth
501,0.297619048,0.404761905,0.297619048,2, I was hoping to have a open conversation with you about potentially increasing my salary.,hope open convers potenti increas salari
502,0.297619048,0.297619048,0.404761905,3, I’ve done a lot of good things with company.,’ve done lot good thing compani
503,0.268817204,0.268817204,0.462365591,3," Lead many projects, brought in a lot of business company and taking a lot of extra work that was not assigned to me.",lead mani project brought lot busi compani take lot extra work assign
504,0.333333333,0.317204301,0.349462366,3,"  You ask anyone in the office, including upper management, about my work ethic, I work harder than almost anyone.",ask anyon offic includ upper manag work ethic work harder almost anyon
505,0.333333333,0.333333333,0.333333333,1, you'd ask your upper management before you give me a raise?,youd ask upper manag give rais
506,0.346405229,0.326797386,0.326797386,1, Is that correct?,correct
507,0.30994152,0.380116959,0.30994152,2," yeah, yeah, okay, so would you be able to talk to them at some point this quarter?",yeah yeah okay abl talk point quarter
508,0.263681592,0.368159204,0.368159204,2," Now, whenever it's, convenient for you, I know you’re very busy and are doing a lot of things for the company but if you could talk to them this quarter about my work and if I deserve a pay raise, it would go a long way for me.",now whenev conveni know ’re busi lot thing compani talk quarter work deserv pay rais go long way
509,0.338541667,0.260416667,0.401041667,3," Well, like i've reiterated earlier i brought on a lot of business for the company, i take a lot of extra projects and for those reasons.",well like ive reiter earlier brought lot busi compani take lot extra project reason
510,0.417840376,0.333333333,0.248826291,1," I do believe i am eligible for a higher pay raise seeing as I've received numerous times to play the month, high productivity rate, and i have even applied numerous times for higher management.",believ elig higher pay rais see ive receiv numer time play month high product rate even appli numer time higher manag
511,0.346405229,0.326797386,0.326797386,1, I understand that.,understand
512,0.299435028,0.333333333,0.367231638,3," I do appreciate your feedback, but it would go a long way from me if you could at least try and know you're busy.",appreci feedback go long way least tri know your busi
513,0.32183908,0.356321839,0.32183908,2, But if you could take a few minutes out of your busy schedule to talk to the higher ups about it I would really appreciate it.,take minut busi schedul talk higher up realli appreci
514,0.32183908,0.356321839,0.32183908,2," Just put that seed in their mind, so when the economy does get better, they have me on their mind.",just put seed mind economi get better mind
515,0.367231638,0.333333333,0.299435028,1, thank you so much so i really do appreciate it if you could let me know how that conversation goes that would be great .,thank much realli appreci let know convers goe great
516,0.333333333,0.361502347,0.305164319,2, i understand that i don't need the pay raise immediately just the appreciation that the sign that will you ask for them and they wanted to give a pay raise whenever it would come in and it would be very beneficial to me so i completely understand the situation .,understand dont need pay rais immedi just appreci sign will ask want give pay rais whenev come benefici complet understand situat
517,0.34502924,0.32748538,0.32748538,1," Okay, I did not know that i'm still very new to the culture of chinese companies.",okay know im still new cultur chines compani
518,0.333333333,0.367231638,0.299435028,2," So from, like from now, what is the correct way for an employee to seek out a raise if you can’t do it directly?",like now correct way employe seek rais can’t direct
519,0.352201258,0.333333333,0.314465409,1," Thank you, sir for your time.",thank sir time
520,0.346405229,0.326797386,0.326797386,1, I appreciate it.,appreci
